{"0.016666666666666666": [0.893375, 0.844], "0.05": [0.93425, 0.90725], "0.11666666666666667": [0.952375, 0.934], "0.16666666666666666": [0.958875, 0.942375], "0.5": [0.96975, 0.965375], "1.0": [0.976125, 0.966125]}